cl_num,x,y
-1,0.9165839257,0.799740331
-1,0.5439247532,0.0757466945
-1,0.2785405445,-0.3553578593
-1,1.0974194556,0.7262425079
-1,0.9131981793,0.8437106957
-1,0.8626132151,0.7085892543
-1,1.1933834095,0.8583965746
-1,1.064079709,0.6965961948
-1,1.0829228865,0.6967740974
-1,1.1622726721,0.7926240609
-1,0.977146757,0.7561299452
-1,1.2217342788,0.8999049996
-1,1.0877810738,0.6783009843
-1,0.6351005294,0.2921027146
-1,0.3747736912,-0.0543391193
-1,0.3578794278,-0.0868657383
-1,0.5485313649,-0.0813572598
-1,0.2266677101,-0.4596713249
-1,0.3373598761,-0.4043226206
-1,0.3309711817,-0.3967300424
-1,0.2738342851,-0.362139789
-1,0.274475058,-0.4579507022
-1,0.4855518589,-0.3120784245
-1,0.4774846969,-0.3035862594
-1,0.4419613762,-0.3757298155
-1,0.646103424,0.3586460424
-1,0.8413490289,0.670401547
-1,0.3896605925,-0.3072117401
-1,0.6505346532,0.3062918065
-1,0.5712540028,0.2021770629
-1,0.2299790494,-0.1237009921
-1,0.6659439497,0.0827371288
-1,0.8517283009,0.3067190031
-1,0.8775479209,0.3368649291
-1,0.1221208744,-0.5478704721
-1,0.1243044075,-0.5482574305
-1,0.2092795958,-0.1518802891
-1,0.5621169943,-0.1328952296
-1,-0.0752929289,-0.2122225781
-1,0.0832855711,-0.2025751216
-1,0.5958139938,0.3075847463
-1,0.7102217662,0.3117416028
-1,0.3375879338,-0.1786755332
-1,0.3626748284,-0.1717309348
-1,0.8145170193,0.6757616082
-1,0.7249504482,0.5650376506
-1,0.3734683141,-0.1804332246
-1,0.5603226257,0.2063432242
-1,1.0810940432,0.8318743631
-1,1.027766495,0.72207631
-1,1.0274526478,0.7220326791
-1,0.9913870276,0.6585919778
-1,1.0020896692,0.6618394296
-1,0.9987208699,0.6587444736
-1,1.0031276452,0.6619784343
-1,0.9911330957,0.658561725
-1,1.0022029011,0.6619035953
-1,0.992696737,0.6587972834
-1,0.9926056924,0.6587456907
-1,1.0023206487,0.6618566758
-1,0.5886556495,-0.0913013603
-1,0.6530852218,0.0483490372
-1,1.0547437783,0.7981301593
-1,1.0373618263,0.7652568294
-1,1.0622476666,0.749215464
-1,1.0621211893,0.7491643669
-1,1.0622239491,0.7492020239
-1,1.0983932721,0.8126549561
-1,1.097595313,0.8125177445
-1,1.0998450682,0.8128065602
-1,1.0992335496,0.8127955742
-1,0.6965965843,0.0628420933
-1,1.1077030188,0.8592465636
-1,1.1060151469,0.8558301244
-1,0.3926294046,-0.4490753925
-1,0.7930915172,0.2973664426
-1,0.7930236163,0.2973279649
-1,0.8365328746,0.4039770507
-1,0.8978914006,0.4914499858
-1,0.9086753664,0.4946969871
-1,0.9076895249,0.4946546351
-1,0.8531177295,0.3846677977
-1,0.8915982314,0.5012087932
-1,0.8717759577,0.4673077614
-1,0.7669543047,0.5694873018
-1,0.3704390537,-0.1856417775
-1,0.2452061529,-0.4559478682
-1,0.5784283966,-0.062445268
-1,0.4172248662,-0.0785983425
-1,0.5834355423,-0.0665183861
-1,0.5380894814,-0.17301355
-1,0.4937886702,-0.1866702226
-1,0.948749913,0.5776556948
-1,0.3596038998,-0.1793081345
-1,0.3680421835,-0.1778055743
-1,0.3529920734,-0.1889844502
-1,0.092356232,-0.5593394225
-1,0.7034616723,0.2026247486
-1,0.599665328,0.3127337501
-1,0.5253032035,0.2021103848
-1,0.1482842854,-0.5445483721
-1,0.152616061,-0.553797413
-1,0.9197335705,0.4164163729
-1,1.066695251,0.6714506462
-1,1.0776363317,0.6747195713
-1,1.1102071871,0.7781012494
-1,0.6745047481,-0.0752251859
-1,0.8689834295,0.3102614754
-1,0.8691602452,0.3102945632
-1,0.8798064144,0.3135305879
-1,0.8685771645,0.3102120086
-1,0.8695908492,0.310337248
-1,0.8576270941,0.3069379892
-1,0.8692022195,0.310967957
-1,0.3245098318,-0.4659882586
-1,0.9136630618,0.4177545367
-1,0.4989174287,-0.3362431562
-1,0.4984439801,-0.33631012
-1,0.5096518211,-0.332977712
-1,0.4979835379,-0.3363697133
-1,0.5095440883,-0.3330181871
-1,0.5015815452,-0.3317685808
-1,0.4879922082,-0.4331073735
-1,0.4660974231,-0.4396523774
-1,0.1639583778,-0.3984037942
-1,0.2412777628,-0.276741926
-1,-0.0216589874,-0.4016925813
-1,0.014863408,-0.407969273
-1,0.354735577,-0.3882174971
-1,0.3514629233,-0.3892980071
-1,0.3074169221,-0.3944629537
-1,0.3506704303,-0.3920213772
-1,0.3943379207,-0.2812759305
-1,0.7445769534,0.4630665494
-1,0.6593673295,-0.0809112678
-1,0.659162288,-0.0810274597
-1,1.0507579472,0.6656003007
-1,1.0727535317,0.6722024251
-1,1.0511125693,0.6656205028
-1,1.0616781794,0.6688574115
-1,0.7309146561,0.6571894987
-1,0.4818747276,-0.409248557
-1,0.4610476443,-0.4422641464
-1,0.4610399935,-0.4422684819
-1,0.8635298722,0.3076016486
-1,0.8659009747,0.3078921196
-1,0.8656041506,0.3078581352
-1,0.8635767334,0.3076282037
-1,0.7438468209,0.2878162991
-1,0.4532536402,-0.4397480776
-1,1.0501642489,0.6708966872
-1,0.7948207552,0.7243940666
-1,0.9256634277,0.3696866874
-1,0.5275161661,-0.3800615863
-1,0.5332585581,-0.3484972901
-1,1.0021140871,0.4639679515
-1,1.0021965245,0.4640146667
-1,1.2002138117,0.8251961839
-1,1.0199646154,0.5570014061
-1,0.9742453861,0.4500860493
-1,1.1611799229,0.8080060441
-1,0.3968638198,-0.3982348437
-1,0.4313779627,-0.296088347
-1,0.9511730016,0.4062949705
-1,0.9402308211,0.4030048477
-1,0.593821758,-0.2367409488
-1,0.5935272291,-0.2367736324
-1,0.5582440247,-0.3404843645
-1,0.5501636095,-0.3434072977
-1,0.5487260151,-0.3435714284
-1,0.5486946468,-0.343589204
-1,0.1956721707,-0.3884595534
-1,0.1981041448,-0.3881551624
-1,0.2075335619,-0.3850717667
-1,0.1961691932,-0.3883998053
-1,0.2396669753,-0.2817572227
-1,0.5663165799,-0.2683419015
-1,0.5700733289,-0.2701163417
-1,0.5721216079,-0.2698486278
-1,0.5721548889,-0.2698297683
-1,0.572149342,-0.2698329115
-1,0.5721043936,-0.2698583827
-1,0.5712962017,-0.2699602443
-1,0.5721114705,-0.2698543724
-1,0.5204914714,-0.3750923931
-1,0.5205889348,-0.3752620274
-1,0.5183983856,-0.3751708887
-1,0.517934928,-0.3761276188
-1,0.510822217,-0.3789355817
590,0.5283837798,-0.3750755812
590,0.5303600935,-0.3748280738
590,0.539546927,-0.3732324737
590,0.5286022122,-0.3765034582
590,0.5286006821,-0.3765043253
590,0.5288536576,-0.3764746145
590,0.5179455501,-0.3796112104
590,0.5361412126,-0.3763483486
590,0.527341229,-0.3766605776
590,0.5279494138,-0.3765843714
590,0.5278083656,-0.3765971907
590,0.528671452,-0.3764642217
590,0.5238482787,-0.3770964325
590,0.5176488903,-0.3797793202
590,0.5285959003,-0.376507035
590,0.5262731758,-0.3767960519
590,0.5374528691,-0.3761884745
590,0.5286129234,-0.3764973885
590,0.5496937785,-0.3700574978
590,0.5296262255,-0.3763723658
590,0.5293238546,-0.3764094934
590,0.5288641775,-0.3764686532
590,0.5409303098,-0.3730319541
590,0.5267309402,-0.376737976
590,0.5285959003,-0.376507035
590,0.5287011333,-0.376493937
590,0.5156314058,-0.3800295837
590,0.5282512109,-0.376547569
590,0.518878601,-0.3795987734
590,0.5291904572,-0.3764179771
590,0.5285983868,-0.376505626
590,0.5261290673,-0.3768106053
590,0.5176481252,-0.3797797537
590,0.5308307364,-0.3762266736
590,0.5176582625,-0.3797740092
590,0.5286068027,-0.3765008569
590,0.5286184702,-0.3764942452
590,0.5285968567,-0.3765064931
590,0.5286073765,-0.3765005317
590,0.5286393186,-0.3764824309
-1,0.5314817274,-0.3766965642
-1,0.5291369874,-0.3753045201
-1,0.9193133104,0.3713466809
-1,0.9181703158,0.3717690857
-1,0.5156517466,-0.3781173031
-1,0.9187258114,0.3789570636
-1,0.9670495338,0.4798533866
-1,0.9855338228,0.4832798059
-1,0.9746327176,0.4800335338
-1,0.9747060084,0.480028531
-1,0.976809025,0.4802807285
-1,0.9746072786,0.4800191182
-1,0.9534143721,0.3799731741
-1,0.9530247476,0.3799331371
-1,0.9538648682,0.3800271313
613,0.931078702,0.3733590852
613,0.931057088,0.3733708549
613,0.9311249894,0.3733853151
613,0.9333177461,0.3736418311
613,0.9311944548,0.3733781445
613,0.9307760921,0.3733423965
613,0.9322516056,0.3735074407
613,0.931087883,0.3733642878
613,0.9295157304,0.373165055
613,0.9310978291,0.373369924
613,0.938726187,0.3735291353
613,0.931203062,0.3733830219
613,0.9311598005,0.3734050417
613,0.9305864613,0.3733020467
613,0.9310886481,0.3733647213
613,0.9311077751,0.3733755601
613,0.9386161723,0.3735133277
613,0.9310897957,0.3733653717
613,0.9311094421,0.3735509517
-1,0.9360321383,0.3810048956
-1,0.5970640351,0.3627307219
-1,1.1650882232,0.7980274011
-1,1.192795995,0.8741596537
-1,0.790308794,0.1242910406
-1,0.7702194198,0.0913785207
-1,0.7593711395,0.0881156483
-1,0.7709833328,0.0914964392
-1,1.1355569425,0.7424572762
-1,1.1503205047,0.7676471881
632,1.1306617345,0.7347773529
632,1.1294847665,0.7346472686
632,1.1182723484,0.7313382274
632,1.1292390593,0.7346216765
632,1.1303153807,0.7340587926
632,1.1299218738,0.7346936385
632,1.1291456717,0.7345893305
632,1.129219741,0.7346107293
632,1.1293219136,0.7346220931
632,1.1291990838,0.7345990234
632,1.1292008052,0.7345999989
-1,0.7257546095,-0.0153888227
-1,0.7267113091,-0.0152699148
-1,0.7137627561,-0.0168826758
-1,0.7385448266,-0.0075533764
-1,0.8940317092,0.3642397462
-1,0.9263372095,0.3744654884
-1,0.5071014404,-0.3787587135
-1,0.4885958863,-0.3853241708
-1,0.6085889027,-0.2063610609
-1,0.6431327017,-0.1792535267
-1,0.545217115,-0.2758160311
-1,0.7157910856,-0.0070105821
-1,0.9478532382,0.5888731322
-1,0.9566420993,0.5927744665
-1,0.564827927,-0.1541224111
-1,0.2140122519,-0.1698398794
-1,0.9386924329,0.6043770504
-1,0.9491977823,0.6079687528
-1,0.9194947451,0.5715610215
-1,0.9183422265,0.5719807333
-1,0.90824213,0.5715523629
-1,0.9129977111,0.5718257846
-1,0.5077858481,-0.1781087919
-1,0.3266379028,-0.1941188962
-1,0.7848333996,0.3335790625
-1,0.3724710352,-0.4428556112
-1,0.3128488688,-0.5447096789
-1,0.3005159601,-0.5478065856
-1,0.2894680635,-0.5563841551
-1,0.2992272798,-0.5426115781
-1,0.7171013269,0.2049360079
-1,0.3724107741,0.1949821326
-1,0.7377616322,0.2207405078
-1,0.3027585672,-0.5478558781
-1,0.3188279,-0.5415107643
-1,-0.0214118356,-0.5597173952
-1,-0.0052779407,-0.5481500056
-1,-0.0277899004,-0.5547763099
-1,-0.0067932098,-0.5475941801
-1,-0.0334289703,-0.5547639681
-1,0.3871387249,0.1984503847
-1,-0.0063744362,-0.5459120557
-1,0.5403337727,0.1879396351
-1,0.3572130096,-0.1869098271
-1,-0.1746853833,-0.5600398289
-1,-0.3057060079,-0.5804551132
-1,0.166118372,-0.5451902495
-1,0.1667225401,-0.5451163195
-1,0.1580425472,-0.5481105814
-1,0.1797915025,-0.5415811064
-1,0.3483956144,-0.5261792133
-1,0.3665846455,-0.4960101527
-1,0.7744281816,0.2807276782
-1,0.7862231543,0.2840984016
-1,0.8289127579,0.3906650907
-1,0.4270957477,-0.359138714
-1,0.9834852448,0.6452340487
-1,-0.1211996519,-0.4502077806
-1,0.0528591361,-0.4344155853
-1,0.0584664365,-0.434503276
-1,0.0603973714,-0.4342609093
-1,0.0606961082,-0.434225841
-1,0.0585044992,-0.4344817068
-1,0.0605625196,-0.4342344331
-1,0.0582679595,-0.4345280643
-1,0.0475159836,-0.4377775121
-1,-0.0721728059,-0.4575661133
-1,-0.0824107974,-0.4607515873
-1,0.0829797309,-0.3744094401
-1,-0.259396557,-0.4743084098
-1,-0.2299098632,-0.4703801973
-1,0.0294272331,-0.4410985198
-1,0.3589837382,-0.4296463918
-1,0.3953942547,-0.419478463
-1,-0.2049013847,-0.5590627314
-1,-0.2056626677,-0.5591585852
-1,-0.208756337,-0.5521167741
-1,-0.3492360772,-0.5857319655
859,0.1186206796,-0.5474949629
859,0.1257038283,-0.5473968453
859,0.1275222621,-0.5471716953
859,0.1263110568,-0.5473211811
859,0.1275222621,-0.5471716953
859,0.1260046692,-0.5473605848
859,0.1260531082,-0.54735371
859,0.1377137273,-0.5439920123
859,0.1276812897,-0.5471486876
859,0.1357408564,-0.5442375687
859,0.1154746289,-0.5502558358
-1,0.1221923255,-0.5471054261
-1,0.1056969734,-0.5510149722
-1,0.2083698859,-0.4419778936
-1,0.1539244753,-0.552248229
-1,0.1659709068,-0.5488226938
-1,0.1683650094,-0.5485397637
-1,0.1558210126,-0.5493164745
-1,0.1654827305,-0.5488980034
-1,0.1760924398,-0.5462158769
-1,-0.1768332622,-0.5639334375
-1,-0.1747849656,-0.5609827941
-1,0.1224009381,-0.5671063484
-1,0.133685498,-0.5637532366
-1,0.1346017408,-0.55841455
-1,0.1217586843,-0.5624619107
-1,0.1892482918,-0.5437868371
-1,0.1271165761,-0.5524523824
-1,0.1303639175,-0.5493401744
-1,0.1148008359,-0.5610359788
-1,0.1806031333,-0.4374257443
-1,0.1665432351,-0.4405539111
-1,0.0265478787,-0.4672245344
-1,0.5550145402,0.305908312
-1,0.1849839963,-0.4329828428
-1,0.1972627161,-0.4295784351
-1,0.227552354,-0.3934812463
-1,0.6252953538,0.3148062569
-1,0.6349261168,0.3179160667
-1,0.624906718,0.3148192949
-1,0.21205678,-0.4378832561
-1,0.2029846491,-0.438591177
-1,0.2214497787,-0.4352281296
-1,0.220868563,-0.4352890531
-1,0.2040222579,-0.4385254695
-1,0.2161769462,-0.4350922761
-1,0.2026527084,-0.4385480017
-1,0.2105712415,-0.4382630832
-1,0.2208052856,-0.4316985779
-1,0.5806976394,0.2177322903
-1,0.5918468972,0.2212165487
-1,0.5384959818,0.2045760752
-1,0.1686929482,-0.5350380444
-1,0.1780248838,-0.5314368355
-1,0.1607162997,-0.537059055
-1,0.1609988856,-0.5361045531
-1,0.3302278124,-0.52350659
-1,0.2416736522,0.1962285364
-1,0.5647387975,0.213937066
-1,0.5652432318,0.2140215886
-1,0.5495524389,0.2051663113
-1,0.5692552963,0.207387939
-1,0.569649883,0.2092316572
-1,0.581735541,0.2083328131
-1,0.5821433609,0.208225406
-1,0.5766902565,0.2077759957
-1,0.581495392,0.2081266552
-1,0.581344589,0.2081083081
-1,0.5922971459,0.2113837366
-1,0.5832550085,0.2078128311
-1,0.208896988,-0.4394620933
-1,0.1743779356,-0.5430753458
-1,0.1711394699,-0.5411526079
-1,0.0471621426,-0.5649517882
-1,0.0450371299,-0.5652164503
-1,0.0441265742,-0.565329784
-1,0.0494379582,-0.564668779
-1,0.0277626346,-0.5720576577
-1,-0.1525027961,-0.553518468
-1,-0.163907953,-0.5568490459
-1,-0.1576595518,-0.5541589582
-1,-0.1526551292,-0.5535376821
-1,-0.1431244608,-0.5501732922
-1,0.1717706558,-0.5417251659
-1,0.1662068215,-0.5416334184
-1,0.1637908248,-0.5450227381
-1,0.1561247952,-0.545715073
1044,0.1660902229,-0.5452587156
1044,0.1673056361,-0.5451068453
1044,0.1694417424,-0.5448358967
1044,0.1893558147,-0.5385408931
1044,0.1787134709,-0.54177475
1044,0.1786455109,-0.5416089713
1044,0.1779990968,-0.5418645961
1044,0.178563433,-0.5417926635
1044,0.1790150768,-0.541738056
1044,0.1780094254,-0.5418587431
1044,0.1890530612,-0.5385782374
1044,0.1780073214,-0.5418599354
1044,0.1794690158,-0.5416821478
1044,0.1779979492,-0.5418652464
1044,0.1849549864,-0.5390885643
1044,0.178253985,-0.5418338014
1044,0.1779969928,-0.5418657883
1044,0.1796352551,-0.5415342947
1044,0.1784099523,-0.5418125279
1044,0.1767365834,-0.5420225825
-1,0.1792255631,-0.5419546634
-1,0.8253678853,0.3149720971
-1,0.8486661491,0.3749142794
-1,1.0743423691,0.7824840302
-1,1.0545349752,0.7358510442
-1,1.0547991191,0.736000728
-1,1.0544743425,0.7358166852
-1,1.0544936608,0.7358276324
-1,0.6180445736,-0.0772085037
-1,1.020211998,0.6726131185
-1,1.0200212196,0.6725721184
-1,1.0186486915,0.6723983242
-1,1.0190320174,0.6724607526
-1,1.0190806,0.6724882832
-1,1.0299727155,0.675729461
-1,1.0166204063,0.672389803
-1,1.0209348357,0.6726871863
-1,1.0190727579,0.6724838392
-1,1.0390844766,0.7053523537
-1,1.0456307782,0.7013505431
-1,0.8802844969,0.3814235142
-1,0.9104777922,0.4545817407
-1,0.9005636305,0.4813077665
-1,0.9001264067,0.4813749746
-1,0.8660177071,0.4180571469
-1,0.8644857345,0.4179066437
-1,0.8318930743,0.3145126094
-1,0.4625295888,-0.3319088963
-1,0.4203243839,-0.4384229909
-1,0.4195870097,-0.4385052962
-1,0.8601434701,0.3051988715
-1,0.8567333565,0.3020805037
-1,0.4629889327,-0.4447788436
-1,0.4585281648,-0.4472168223
-1,0.4654484606,-0.4471438801
-1,0.4567227852,-0.4474551492
-1,0.5127900207,-0.3373385107
-1,0.8567829373,0.3021324383
-1,0.4989430801,-0.3373682015
-1,0.4558553884,-0.4439591495
-1,0.4554537138,-0.444006015
-1,0.4560019834,-0.443943187
-1,0.4663940294,-0.4407375234
-1,0.8798381864,0.312409011
-1,0.4553633743,-0.4453834534
-1,0.8653708312,0.3046296472
-1,0.8660485084,0.3048329167
-1,0.8653675796,0.3046278047
-1,0.5456803476,-0.3531821819
-1,0.9357194425,0.3932140305
-1,0.3425864878,-0.467007611
-1,0.3549525389,-0.4635817088
-1,0.1294367449,-0.4591903583
-1,0.1279264202,-0.4593751291
-1,0.1206134086,-0.4621987401
-1,0.864701463,0.3026150275
-1,0.8646997416,0.302614052
-1,0.8646961074,0.3026119926
-1,0.8647550186,0.3026453761
-1,0.4624105051,-0.4471423795
-1,0.4642965738,-0.4469925467
-1,0.4638433998,-0.4470480213
-1,0.4519810523,-0.4504363499
-1,0.4622243994,-0.4472478411
-1,0.4622136882,-0.4472539108
-1,0.4512641917,-0.450527605
-1,0.48649526,-0.4404095481
-1,0.3447558616,-0.5293998637
-1,0.3543031382,-0.526259512
-1,0.7562555157,0.222568067
-1,0.7554452676,0.2224444658
-1,0.7592989916,0.2256128889
1177,0.7705580777,0.2536123336
1177,0.7699899161,0.2535382332
1177,0.7707182529,0.2536359916
1177,0.7700863506,0.2535463454
1177,0.760068067,0.2503976908
1177,0.7696685012,0.2541744652
1177,0.7720888683,0.2538087019
1177,0.7592964555,0.250295984
1177,0.7706912838,0.2536207089
1177,0.7699956542,0.2535414849
1177,0.7713256726,0.2537117642
1177,0.770003305,0.2535458204
1177,0.7699870471,0.2535366074
1177,0.7699788225,0.2535319467
1177,0.769996228,0.25354181
1177,0.7699815002,0.2535334642
-1,0.8841761446,0.4507572916
-1,0.4110253624,-0.3896737068
-1,0.4111305953,-0.3896606089
-1,0.412792488,-0.3894570575
-1,0.4000381857,-0.3929687535
-1,0.4225141388,-0.3863422789
-1,0.4109964806,-0.3896900734
-1,0.4115493406,-0.3896246441
-1,0.4110100608,-0.3896823779
-1,0.4220014455,-0.3863849467
-1,0.8244431242,0.3634578701
-1,0.8138086838,0.3603161755
-1,0.8025234739,0.3568987757
-1,0.8134842554,0.3601788648
-1,0.8353981675,0.3667347075
-1,0.7972667935,0.3521888565
-1,0.9518673288,0.5868213707
-1,0.6390856235,0.5767050235
-1,0.6174888101,0.5701946543
-1,0.6155959379,0.5699738568
-1,0.6265178915,0.5732319431
-1,0.1992139858,-0.1835418027
-1,0.2144397117,-0.179723935
-1,0.2116918526,-0.1781723577
-1,0.5258619115,-0.1765406416
-1,0.9192361952,0.5702037121
-1,0.5909327929,-0.0611348124
-1,0.589241745,-0.061287776
-1,0.5898736473,-0.0611981297
-1,0.5794112616,-0.0644642274
-1,0.5890498667,-0.0613499737
-1,0.5886571685,-0.0614177131
-1,0.5890098913,-0.0613726268
-1,0.5890060659,-0.0613747946
-1,0.9777870593,0.6939154682
-1,0.979609898,0.687014906
1217,0.9915037866,0.6884997798
1217,0.9915273129,0.6885131116
1217,0.9914900152,0.6884919759
1217,1.002468011,0.6917818199
1217,0.9933133742,0.6887404913
1217,0.991445019,0.688487052
1217,0.9914961358,0.6884954443
1217,0.9915141152,0.6885056328
1217,0.9809452535,0.6852668814
1217,0.991521766,0.6885099683
1217,0.9912871391,0.6884646947
1217,1.0024502229,0.6917717399
1217,0.9915022565,0.6884989127
1217,0.9924098955,0.6886311679
1217,0.9921598429,0.6888715507
1217,0.9914990049,0.6884970701
1217,0.9912928772,0.6884679463
1217,0.9913901226,0.6884859361
1217,0.9923768057,0.6886124168
1217,0.9807191649,0.6853195161
1217,1.0024974666,0.6917985117
1217,0.9805594544,0.6852290121
1217,0.9805372671,0.6852164391
-1,0.9956438939,0.6922061311
-1,0.9534910698,0.589556406
-1,0.952961736,0.5895043084
1224,0.9511191444,0.5816993788
1224,0.9500795178,0.5821132503
1224,0.9590446673,0.5851348849
1224,0.9491670493,0.5819988327
1224,0.9385652548,0.578787954
1224,0.9480406244,0.5818768155
1224,0.9699074841,0.5884059948
1224,0.9479757361,0.5818606193
1224,0.9607036088,0.5854038731
1224,0.9370783128,0.5785958593
1224,0.9485521701,0.581918833
1224,0.9703152793,0.5884563287
1224,0.9393045417,0.5788713432
1224,0.9362360748,0.5784747047
1224,0.949469229,0.5820358519
1224,0.9382322806,0.5787334844
1224,0.9490160551,0.5819803773
1224,0.9489710245,0.5820219689
1224,0.9371326335,0.5786266415
1224,0.9480547784,0.5818848362
1224,0.9481444841,0.5819356702
1224,0.9490198805,0.5819825451
1224,0.9481282261,0.5819264572
1224,0.9480151855,0.5818623999
1224,0.9483887359,0.5820740817
1224,0.9480534395,0.5818840775
1224,0.9501968755,0.5822468633
1224,0.9485693844,0.5819285879
1224,0.9480203498,0.5818653264
1224,0.9588944382,0.585116863
1224,0.9589442162,0.5851244966
1224,0.9481425714,0.5819345863
1224,0.9368565009,0.5785578476
1224,0.9487177008,0.5819455259
1224,0.9480369903,0.5818747561
1224,0.9370873025,0.5786009535
1224,0.9689335702,0.5882773319
1224,0.9376009521,0.5786441633
1224,0.9499470768,0.5821053086
1224,0.9482515206,0.5818826809
1224,0.9480025617,0.5818552463
1224,0.9480740967,0.5818957834
1224,0.9487014429,0.5819363129
1224,0.9479501059,0.5818460953
1224,0.9474980796,0.581791271
1224,0.9379329699,0.578698091
1224,0.9480951708,0.5818611907
1224,0.9480383292,0.5818755148
1224,0.9489149824,0.5819902112
1224,0.9488600879,0.5819591038
1224,0.9490168202,0.5819808109
1224,0.9484126521,0.5819068809
1224,0.948752512,0.5819652525
1224,0.9485865987,0.5819383428
1224,0.9497788683,0.5820770982
1224,0.9496494876,0.5820708907
1224,0.9479933807,0.5818500437
1224,0.9480985792,0.5819096571
1224,0.9704599616,0.5884712073
1224,0.9460681051,0.5789225783
1224,0.9382100933,0.5787209114
1224,0.945924953,0.5789085668
1224,0.9480498054,0.5818820181
1224,0.9480538221,0.5818842943
1224,0.9480392855,0.5818760568
1224,0.944965616,0.5789483434
1224,0.9480909284,0.5819053215
1224,0.9425233039,0.5811867951
1224,0.9480144204,0.5818619663
1224,0.9699189603,0.588412498
1224,0.9417581955,0.5810887735
1224,0.9480017966,0.5818548127
1224,0.95895684,0.5851316502
1224,0.948060899,0.5818883046
1224,0.9479905117,0.5818484178
1224,0.948041007,0.5818770323
1224,0.9487245866,0.5819494279
1224,0.9487167445,0.581944984
1224,0.9481315121,0.5818817844
1224,0.9480167157,0.581863267
1224,0.9370693231,0.578590765
1224,0.9480119339,0.5818605573
1224,0.9480587951,0.5818871124
1224,0.9480029442,0.5818554631
1224,0.9480693149,0.5818930737
1224,0.9482173579,0.581976966
1224,0.9371202009,0.5786195963
1224,0.9480040918,0.5818561134
-1,0.9292043577,0.5784617769
-1,0.5435931949,-0.1663088616
-1,0.5494502185,-0.1656070934
-1,0.5216276398,-0.1728939691
1232,0.5474329068,-0.1677785872
1232,0.5496350667,-0.1648078626
1232,0.5363310771,-0.1710714956
1232,0.5440947761,-0.168193819
1232,0.5475940383,-0.1677543873
1232,0.5454999115,-0.1687251651
1232,0.5564602668,-0.1647422739
1232,0.534557257,-0.1712919385
1232,0.5455092401,-0.1680168352
1232,0.5457303306,-0.168682276
1232,0.5453247259,-0.1680337112
1232,0.5454761026,-0.168015039
1232,0.5463135111,-0.1678760468
1232,0.5345673944,-0.1712861939
1232,0.5461026494,-0.1679284276
1232,0.5455773322,-0.1679782491
1232,0.5578790345,-0.1645217025
1232,0.5456094656,-0.1679600399
1232,0.5456148556,-0.1680035205
1232,0.5455094314,-0.1680167268
1232,0.5462389158,-0.1679183181
1232,0.545584983,-0.1679739136
1232,0.5467435413,-0.1678336872
1232,0.5531775391,-0.1677884553
1232,0.5455344877,-0.168002528
1232,0.557826244,-0.1645516176
1232,0.5466831,-0.1678679378
1232,0.545534679,-0.1680024196
1232,0.5582396337,-0.1645186877
1232,0.5455901473,-0.1679709871
1232,0.545510579,-0.1680160765
1232,0.5456213588,-0.1679998353
1232,0.5455274108,-0.1680065384
1232,0.5454676868,-0.1680198081
1232,0.543281211,-0.1709816449
1232,0.5547123807,-0.1676363263
1232,0.5455065623,-0.1680183527
1232,0.5455461552,-0.1679959163
1232,0.545164742,-0.1680572608
1232,0.5564744208,-0.1647342532
1232,0.5356174204,-0.1711403608
1232,0.545164742,-0.1680572608
1232,0.5565557106,-0.1646881883
1232,0.5455369743,-0.168001119
1232,0.5458203617,-0.1679541745
1232,0.5467724231,-0.1678173206
1232,0.556476716,-0.1647329525
1232,0.5455597354,-0.1679882208
1232,0.5455178473,-0.1680119578
1232,0.5468652712,-0.1678318151
1232,0.5345819309,-0.1712779564
1232,0.5357557908,-0.171129059
1232,0.547910372,-0.1677093474
1232,0.5455285584,-0.168005888
1232,0.5453107632,-0.1680416235
1232,0.5461070486,-0.1679259347
1232,0.5445557921,-0.1681339005
1232,0.5530928064,-0.1678364712
1232,0.5562644677,-0.1647655448
1232,0.5462236142,-0.1679269892
1232,0.5455342965,-0.1680026364
1232,0.547172424,-0.1677919778
1232,0.5354054092,-0.1711634005
1232,0.5457100737,-0.1679030278
1232,0.5455082838,-0.1680173772
1232,0.545560883,-0.1679875705
1232,0.554140346,-0.1676920471
1232,0.5455406084,-0.1679990596
1232,0.5455320012,-0.168003937
1232,0.5468987435,-0.1678128472
1232,0.5564709779,-0.1647362042
1232,0.5564661962,-0.1647389139
1232,0.5345693071,-0.17128511
1232,0.5455427124,-0.1679978673
1232,0.5455210988,-0.1680101152
1232,0.5345702634,-0.1712845681
1232,0.5564614144,-0.1647416236
1232,0.5455323838,-0.1680037203
1232,0.5674084245,-0.1614693384
1232,0.5455130655,-0.1680146675
1232,0.5455088576,-0.168017052
1232,0.5455360179,-0.1680016609
-1,0.5471048847,-0.1681595295
-1,0.5988616137,-0.028298892
-1,0.6091306338,-0.0284423312
-1,0.5773566818,-0.0386283675
1254,0.555383384,-0.1382768911
1254,0.5546799123,-0.138360559
1254,0.5664964986,-0.1349775878
1254,0.5656037787,-0.1351013888
1254,0.5664834922,-0.1349849582
1254,0.5657212529,-0.135081354
1254,0.5561569083,-0.1381741004
1254,0.554765827,-0.1383584082
1254,0.5677509309,-0.1348036064
1254,0.5622083929,-0.1382114107
1254,0.5559787537,-0.1382079469
1254,0.5656554216,-0.135072124
1254,0.56560397,-0.1351012804
-1,0.5456211244,-0.1381792832
-1,1.0228013711,0.7247189564
-1,1.0127832788,0.7215704102
-1,1.0118683238,0.7214545836
-1,0.9694361084,0.6149460663
-1,0.9689697368,0.6148831129
-1,0.9682107147,0.6148350752
-1,0.9685588336,0.6148515921
-1,0.9646976978,0.6116583946
-1,0.9865771813,0.6181947275
-1,-0.1664597409,-0.5580964556
-1,0.0143963749,-0.542079401
-1,0.5646276159,-0.1620213176
-1,0.3673378606,-0.5229752797
-1,0.7586677257,0.2230493803
-1,0.7490934351,0.2199509977
-1,0.3306601843,-0.5339348895
-1,0.3292538729,-0.533850522
-1,0.337427316,-0.5335128688
-1,0.3359054492,-0.5333354166
-1,0.3364031516,-0.5338786015
-1,0.3581748838,-0.5269302631
-1,0.6301910952,0.2008254062
-1,0.6204103305,0.197157313
-1,0.6150968063,0.1970354857
-1,0.604962114,0.1889127789
-1,0.662736703,0.3041927771
-1,-0.0915388628,-0.5573821383
-1,-0.1029444023,-0.5607129329
-1,-0.1141981825,-0.5640248386
-1,-0.1266193194,-0.5674819565
-1,-0.1156690578,-0.5642078288
-1,-0.1239107774,-0.5652337316
-1,-0.1266193194,-0.5674819565
-1,-0.1156692491,-0.5642079372
-1,-0.1156686753,-0.564207612
-1,0.4499982115,0.3120882829
-1,0.4198349911,0.2090177778
-1,0.4084273476,0.2056857909
-1,0.407820693,0.2056104518
-1,0.4175563065,0.2087331428
-1,0.419101251,0.2089375318
-1,0.4065155397,0.205454263
-1,0.353990514,-0.4331791206
-1,0.3512382673,-0.4326127023
-1,0.1869385856,-0.5623711726
-1,0.1848991805,-0.5624870591
-1,0.1790356985,-0.5625745511
-1,0.3291183857,-0.5360135216
-1,0.3284936388,-0.5362059651
-1,0.3286495999,-0.5360605958
-1,0.3276254364,-0.5360732361
-1,0.3370868379,-0.5329209527
-1,0.3347027448,-0.5323250022
-1,0.3258967577,-0.535202794
-1,0.3156869871,-0.538513609
-1,0.3150791848,-0.5385895983
-1,0.3146409959,-0.5390053449
-1,0.3161207162,-0.5387898811
-1,0.314630583,-0.5389978245
-1,0.3128517087,-0.5387304832
-1,0.3144995212,-0.5385360077
-1,0.2975180285,-0.5423711725
-1,0.2976265252,-0.5427758916
1412,0.3006553571,-0.5426573601
1412,0.3046909294,-0.5426883961
1412,0.3157367237,-0.5395917152
1412,0.305195208,-0.5422048695
1412,0.3155340454,-0.5394284502
1412,0.3037465314,-0.5425589958
1412,0.2998311891,-0.5432947935
1412,0.3024126273,-0.5429728142
1412,0.3122226982,-0.5397826738
1412,0.3162318047,-0.5393242267
1412,0.3129072285,-0.5397555701
1412,0.31377482,-0.5393892774
1412,0.3045740571,-0.542582151
1412,0.3007564162,-0.5430523872
1412,0.3170595085,-0.539109162
1412,0.3129960581,-0.5397423493
1412,0.3017336823,-0.5423953061
-1,0.3048932209,-0.5430952212
-1,0.314371229,-0.5395519648
-1,0.7199145079,0.2104967074
-1,0.7088616375,0.2076827926
-1,0.7191091226,0.2113313255
-1,0.3168303942,-0.5443250834
-1,0.3271698621,-0.5406391178
-1,0.2985597038,-0.5479018608
-1,0.7544872926,0.2282185251
-1,0.3523608478,-0.5216004494
-1,0.3929698749,-0.419154463
-1,0.351857158,-0.5254986623
-1,0.7540389277,0.224331089
-1,0.01457234,-0.5407204881
-1,0.0057859892,-0.5410918019
-1,-0.0053536019,-0.5454123331
-1,0.0052091506,-0.5423607592
1458,0.0170524962,-0.5408839525
1458,0.017353337,-0.5408476921
1458,0.0044265704,-0.5443694356
1458,0.0389482377,-0.5343384067
1458,0.0240524257,-0.5381035388
1458,0.0161371587,-0.5409999959
1458,0.0150742698,-0.5411325438
1458,0.016591289,-0.5409439794
1458,0.0044290569,-0.5443680265
1458,0.0158326838,-0.5410383158
1458,0.0060966878,-0.5441612236
1458,0.0015448653,-0.5447273502
1458,0.0060972616,-0.5441608984
1458,0.0159840605,-0.5410196436
1458,0.0176861051,-0.5411757493
1458,0.0056431313,-0.5442169149
1458,0.0149680805,-0.5411461837
1458,0.0173678735,-0.5408394546
1458,0.0149678893,-0.5411462921
1458,0.0040182015,-0.5444200947
1458,0.0057924041,-0.544199435
1458,0.0390982756,-0.5343204932
1458,0.0048619557,-0.5443000235
1458,0.0164267735,-0.5409547027
1458,0.0269113444,-0.5377297213
1458,0.0158319187,-0.5410387493
1458,0.0045819639,-0.5443484873
1458,0.0047310454,-0.5443311157
1458,0.0255715488,-0.5379137822
1458,0.0159888423,-0.5410169339
1458,0.0040815118,-0.5443842183
1458,0.0149728623,-0.541143474
1458,0.0060978354,-0.5441605732
1458,0.0171983261,-0.5408684236
1458,0.0169011195,-0.5409026247
1458,0.0033646379,-0.5445014415
1458,0.0149738186,-0.5411429321
1458,0.0036710255,-0.5444620378
1458,0.0040203054,-0.5444189024
1458,0.0060331842,-0.5441672169
1458,0.0170553653,-0.5408823267
1458,0.0047430954,-0.5443242873
1458,0.0040229832,-0.544417385
1458,0.0173535283,-0.5408475837
1458,0.0115589233,-0.5442640096
1458,0.0161080341,-0.5409821361
-1,-0.0043768016,-0.5448686327
-1,0.7732608467,0.2273506725
-1,0.7641956462,0.2270017959
-1,0.7721866729,0.2272117298
-1,0.7741454947,0.2274875151
-1,0.7717788778,0.2271613958
-1,0.7683859785,0.2240527829
-1,0.7718022127,0.2271746192
-1,0.7726417595,0.2272682882
-1,0.7793176869,0.227316397
1515,0.7522680102,0.2209141248
1515,0.7517643478,0.220665566
1515,0.7519555019,0.2208712527
1515,0.7521177811,0.220896103
1515,0.7503286116,0.2206875364
1515,0.7458858952,0.2201161281
1515,0.7500655313,0.2206355571
1515,0.7498791196,0.2206135738
1515,0.7498775894,0.2206127067
1515,0.7411602512,0.2176178565
1515,0.740404515,0.2175251459
1515,0.7407026781,0.217559889
1515,0.7608368407,0.2238919287
1515,0.7512257762,0.2206727831
1515,0.7498825625,0.2206155248
1515,0.7519558845,0.2208714695
1515,0.7475548649,0.2203236898
1515,0.7608330153,0.223889761
1515,0.7389466461,0.2173495261
1515,0.7499045585,0.2206279894
1515,0.7498785458,0.2206132487
1515,0.7498963339,0.2206233287
1515,0.7521878743,0.220728258
1515,0.7405136991,0.2176190066
1515,0.7499068537,0.2206292901
1515,0.7389376564,0.2173444319
1515,0.7513685481,0.2208070776
1515,0.7500302573,0.2206526849
1515,0.7498909783,0.2206202939
1515,0.7502989574,0.2208514855
1515,0.7516768484,0.2208475652
1515,0.7499653824,0.2206624568
1515,0.7500862651,0.220730958
1515,0.750140511,0.2206480537
1515,0.7519599011,0.2208737456
1515,0.7408794937,0.2175929767
1515,0.7504698511,0.220700464
1515,0.7499242593,0.2206391534
1515,0.7519355277,0.2209270431
1515,0.7498867704,0.2206179093
1515,0.7499032196,0.2206272307
1515,0.7498955688,0.2206228952
1515,0.7518224871,0.2208629858
1515,0.7389724675,0.2173641585
1515,0.7501521785,0.2206546653
1515,0.7509316321,0.220760816
1515,0.7405587608,0.2175454439
1515,0.7518177053,0.2208602761
1515,0.7389292405,0.2173396628
1515,0.7498869617,0.2206180177
1515,0.7499441514,0.2206504257
1515,0.7498894482,0.2206194268
1515,0.7499466379,0.2206518348
1515,0.7500380994,0.2206571288
1515,0.7499412824,0.2206487999
1515,0.7500969762,0.2207370278
1515,0.7607983477,0.2238906901
1515,0.7509578361,0.2207756652
1515,0.749904176,0.2206277727
1515,0.7516400424,0.2208938175
1515,0.7498863879,0.2206176926
1515,0.7498817974,0.2206150913
1515,0.7510472414,0.2207592196
1515,0.7498948037,0.2206224616
1515,0.7498833275,0.2206159584
1515,0.7509293369,0.2207595154
1515,0.750930102,0.2207599489
1515,0.7498886831,0.2206189932
1515,0.7499236855,0.2206388282
1515,0.7507997649,0.2207531994
1515,0.7512215706,0.2207908984
1515,0.7499271284,0.2206407792
1515,0.7389474112,0.2173499597
1515,0.7465078338,0.2175172087
1515,0.7492299553,0.22053472
1515,0.7500321356,0.2207002842
1515,0.7583182994,0.2208967115
1515,0.751090851,0.2207839321
1515,0.7391266312,0.2174515192
1515,0.7499085752,0.2206302656
1515,0.7389598437,0.2173570049
1515,0.7498959514,0.220623112
1515,0.7510960153,0.2207868586
1515,0.7608620884,0.223906236
1515,0.7498919347,0.2206208358
1515,0.7608404749,0.2238939881
1515,0.741336493,0.2176506191
1515,0.7388995459,0.21734341
1515,0.7608301463,0.2238881352
1515,0.7499952205,0.2206793653
1515,0.7503354974,0.2206914383
1515,0.7497020649,0.220600925
1515,0.7410628126,0.2176297497
1515,0.7389483675,0.2173505016
1515,0.7515404999,0.2209045184
1515,0.7389787794,0.2173677353
1515,0.7504625483,0.2213533733
1515,0.7629289072,0.2241584954
1515,0.7515084486,0.2208192465
1515,0.7412032869,0.2176422438
1515,0.7609340403,0.2239004744
1515,0.7519709948,0.2208800321
1515,0.7499298062,0.2206422966
1515,0.7389925509,0.2173755393
1515,0.7498325932,0.2206077828
1515,0.7522789126,0.220920303
1515,0.7498810323,0.2206146577
1515,0.7499977414,0.220634259
1515,0.7499158434,0.2206343843
1515,0.7499676776,0.2206637575
1515,0.7389345961,0.2173426977
1515,0.7509136528,0.2207506275
1515,0.7503743252,0.2207134411
1515,0.7492504212,0.2205463175
1515,0.7499045585,0.2206279894
1515,0.7503037465,0.2206734459
1515,0.7501977755,0.2207941482
1515,0.7506225667,0.2207198949
1515,0.7495497318,0.2205817108
1515,0.7499196688,0.2206365521
1515,0.7498976728,0.2206240875
1515,0.749877972,0.2206129235
1515,0.751865632,0.2209545442
1515,0.7519690821,0.2208789482
1515,0.7500141562,0.2206900958
1515,0.760884467,0.2239189173
1515,0.7517739026,0.2208654467
1515,0.7498988204,0.2206247378
1515,0.7498846664,0.2206167171
1515,0.7516642246,0.2208404116
1515,0.7408611318,0.2175825715
1515,0.7516617381,0.2208390026
1515,0.7498955688,0.2206228952
1515,0.7519564583,0.2208717946
1515,0.7389391865,0.217345299
1515,0.7514128406,0.2208992864
1515,0.7516816302,0.2208502749
1515,0.7511783153,0.2211019331
1515,0.750462009,0.2206960201
1515,0.7608515685,0.2239002746
1515,0.7558361958,0.2232933677
1515,0.7503421918,0.2206952319
1515,0.7499273196,0.2206408876
1515,0.7574288311,0.2207747532
1515,0.7522842682,0.2209233378
1515,0.7498923172,0.2206210526
1515,0.750142615,0.2206492459
1515,0.7498810323,0.2206146577
1515,0.7499167998,0.2206349263
1515,0.7499259808,0.2206401289
1515,0.7504635392,0.2206968872
1515,0.7626056878,0.2241095535
1515,0.7498783545,0.2206131403
1515,0.7513716084,0.2208088118
1515,0.7499309538,0.220642947
1515,0.7389585048,0.2173562462
1515,0.7499504633,0.2206540026
1515,0.7498312543,0.2206070241
1515,0.7517042001,0.2208630647
1515,0.7499481681,0.2206527019
1515,0.7590581602,0.2209804259
1515,0.7389365088,0.2173437816
1515,0.7506489816,0.2210498355
1515,0.7611072219,0.2239315028
1515,0.7498816061,0.2206149829
1515,0.7614405786,0.2239861893
1515,0.7593721986,0.2210241651
1515,0.7390413592,0.2173566628
1515,0.7499864565,0.2206278641
1515,0.7508964384,0.2207408726
1515,0.7498982466,0.2206244126
1515,0.7501431888,0.2206495711
1515,0.7499254069,0.2206398037
1515,0.7493773153,0.220551116
1515,0.7498791196,0.2206135738
1515,0.7497009173,0.2206002746
1515,0.7498795021,0.2206137906
1515,0.7498833275,0.2206159584
1515,0.7608286161,0.223887268
1515,0.7390713542,0.2174201951
1515,0.7500112872,0.2206884699
1515,0.7498833275,0.2206159584
1515,0.7498819886,0.2206151996
1515,0.738947985,0.2173502848
1515,0.7498951863,0.2206226784
1515,0.7498919347,0.2206208358
1515,0.7498839013,0.2206162835
1515,0.749885049,0.2206169339
1515,0.7498865791,0.220617801
1515,0.7389277103,0.2173387957
1515,0.7499292323,0.2206419715
1515,0.7498980553,0.2206243042
1515,0.7498795021,0.2206137906
1515,0.7574144859,0.2207666241
1515,0.7499007331,0.2206258217
1515,0.7498833275,0.2206159584
1515,0.749947403,0.2206522683
1515,0.7498775894,0.2206127067
1515,0.7498785458,0.2206132487
1515,0.7389474112,0.2173499597
1515,0.7498789283,0.2206134654
1515,0.7498804585,0.2206143325
1515,0.7500045927,0.2206846764
1515,0.7608456392,0.2238969146
1515,0.7499181387,0.220635685
1515,0.7608284249,0.2238871597
1515,0.7500558531,0.2207137243
1515,0.7414595637,0.2175751719
-1,0.7395635387,0.2179571854
-1,0.7451623643,0.2202700214
1519,0.7933751803,0.3272551809
1519,0.7882195236,0.327397479
1519,0.7964860249,0.3270960618
1519,0.8050998748,0.3306531886
1519,0.7933767104,0.327256048
1519,0.8054424125,0.3307130776
1519,0.7883219361,0.3266268132
1519,0.7934241454,0.3272829282
1519,0.7933960287,0.3272669952
1519,0.7950419983,0.3274820976
1519,0.8043286935,0.3305311513
1519,0.7933832136,0.3272597332
1519,0.7956195798,0.3275409617
1519,0.8067191143,0.3308325694
1519,0.7934214676,0.3272814108
1519,0.794390969,0.3273816126
1519,0.7951729091,0.3274891723
1519,0.7936371455,0.3272899859
1519,0.7939687808,0.3273436969
1519,0.7939674419,0.3273429381
1519,0.7934612518,0.3273039555
1519,0.8043522197,0.330544483
1519,0.804619158,0.3305821061
1519,0.7933887604,0.3272628764
1519,0.7938011461,0.3273158117
1519,0.7941104028,0.3273568412
1519,0.7949374827,0.3274899805
1519,0.7956660585,0.3275673
1519,0.7944776143,0.3274307124
1519,0.7933755628,0.3272553977
1519,0.7848122791,0.324280737
1519,0.7933988978,0.327268621
1519,0.79338417,0.3272602751
1519,0.782457052,0.3239992623
1519,0.7934006192,0.3272695965
1519,0.8056661714,0.3307056577
1519,0.7933975589,0.3272678623
1519,0.8058137228,0.3307221621
1519,0.7934063573,0.3272728481
1519,0.782454948,0.32399807
1519,0.7936773122,0.3273127474
1519,0.7934207025,0.3272809772
1519,0.8056881675,0.3307181223
1519,0.7823936939,0.3239839332
1519,0.7933816835,0.3272588661
1519,0.7934140081,0.3272771837
1519,0.7933958374,0.3272668868
1519,0.8043422737,0.3305388468
1519,0.7824668068,0.3240047901
1519,0.782423771,0.3239804028
1519,0.7824274052,0.3239824622
1519,0.7933767104,0.327256048
1519,0.7934076962,0.3272736069
1519,0.7933904819,0.3272638519
-1,0.7694811475,0.3223710018
-1,0.2493038309,-0.4489473624
-1,0.2602539013,-0.4456733431
1522,0.205457534,-0.5556326468
1522,0.2060645712,-0.555557091
1522,0.2150417707,-0.552528628
1522,0.2051540155,-0.5556704247
1522,0.2139794557,-0.5526608506
1522,0.2092207529,-0.5524689759
1522,0.2167576494,-0.5523150585
1522,0.2063682811,-0.5555192047
1522,0.2174848385,-0.5522179505
1522,0.2158019061,-0.5524334245
1522,0.205807579,-0.5555890779
1522,0.2272059155,-0.549103497
1522,0.2167679779,-0.5523092056
1522,0.2058079615,-0.5555888611
1522,0.2058108306,-0.5555872353
-1,0.3261871652,-0.5379697326
-1,0.3175140581,-0.5409600925
-1,0.3247459058,-0.5408448202
-1,0.3266414867,-0.5379136077
-1,0.3460765275,-0.5342444902
-1,0.3483577423,-0.5225483039
-1,0.378445326,-0.4930605876
-1,0.3784428395,-0.4930619966
-1,0.3674939168,-0.4963353657
-1,0.3675042454,-0.4963295127
-1,0.3679151008,-0.4962774446
-1,0.3565536012,-0.4996038573
-1,0.3572700792,-0.499512819
-1,0.3674965946,-0.4963338483
-1,0.3676729278,-0.4970246519
-1,0.380832034,-0.4238621005
1536,0.380343846,-0.4260232186
1536,0.3724065594,-0.4260382257
1536,0.3849266719,-0.4227566037
1536,0.3816396035,-0.4229784261
1536,0.3890234018,-0.4228441564
1536,0.3817919366,-0.4229592119
1536,0.3928217833,-0.4223694397
1536,0.3745431918,-0.4257464046
1536,0.3854903782,-0.4228564295
1536,0.3741803795,-0.4258177828
1536,0.3891768825,-0.4228242919
1536,0.3824035643,-0.4228810548
1536,0.3842187464,-0.4226577474
1536,0.3896304389,-0.4227686006
1536,0.3908477649,-0.4226156464
1536,0.3830226515,-0.4227986706
1536,0.3926663899,-0.422390388
1536,0.3821708324,-0.4256081741
1536,0.3817195711,-0.4256625648
1536,0.3909192153,-0.4225803373
1536,0.3905448201,-0.4226530991
1536,0.3919540721,-0.4224584945
1536,0.3798948255,-0.4258912916
1536,0.4033435449,-0.4191368044
1536,0.4027795435,-0.4191879729
1536,0.3821723625,-0.425607307
1536,0.3800465848,-0.4258724026
1536,0.3893349537,-0.4228018262
1536,0.3909371357,-0.4225855765
1536,0.3909084452,-0.4226018347
1536,0.3908921873,-0.4226110477
1536,0.3908988817,-0.4226072541
1536,0.4018665489,-0.419323263
1536,0.3910228591,-0.4225835341
1536,0.3910066012,-0.4225927471
1536,0.3925291671,-0.4224010394
1536,0.4021040316,-0.4193023316
1536,0.3908950563,-0.4226094218
1536,0.3909086365,-0.4226017263
1536,0.3909361794,-0.4225861184
1536,0.3909141833,-0.422598583
1536,0.3908929524,-0.4226106141
1536,0.4024985947,-0.419212961
1536,0.3802031258,-0.425850804
1536,0.390394591,-0.422671121
1536,0.4014927865,-0.419380272
1536,0.3805217547,-0.4258044634
1536,0.3908510165,-0.4226138038
1536,0.3909962726,-0.4225986
1536,0.3909021333,-0.4226054115
1536,0.3808843758,-0.4257331936
1536,0.3909136095,-0.4225989082
1536,0.3909067238,-0.4226028102
1536,0.3800527054,-0.4258689342
1536,0.3908973516,-0.4226081212
1536,0.3925186473,-0.4224070008
1536,0.3799585661,-0.4258757457
1536,0.392551737,-0.4223882497
1536,0.3907032739,-0.4226304166
1536,0.390851399,-0.422613587
1536,0.4018430227,-0.4193365947
1536,0.4025728897,-0.4192379692
1536,0.3791367941,-0.4259853028
1536,0.401843214,-0.4193364863
1536,0.3929691434,-0.4223530436
1536,0.3811452411,-0.4257195862
1536,0.3911554914,-0.4225754839
1536,0.3795909243,-0.4259292863
1536,0.3917594683,-0.4225016623
1536,0.4127940494,-0.4160620334
1536,0.3909107405,-0.422600534
1536,0.3909067238,-0.4226028102
1536,0.3909076802,-0.4226022682
1536,0.4018632973,-0.4193251056
1536,0.4018900751,-0.4193099313
1536,0.3908984992,-0.4226074709
1536,0.3908950563,-0.4226094218
1536,0.4127938582,-0.4160621418
1536,0.3908946738,-0.4226096386
1536,0.3909076802,-0.4226022682
-1,0.3938220149,-0.4225357278
-1,0.3398896299,-0.5288699509
-1,0.349226798,-0.5256137698
-1,0.3368803543,-0.5321387667
-1,0.3356776905,-0.5326683311
-1,0.3344588586,-0.5308590208
-1,0.3344732039,-0.5308508917
-1,0.3350584362,-0.5307876921
-1,0.3383228458,-0.530347127
-1,0.3564140851,-0.5242797663
-1,0.3485735498,-0.5296555496
-1,0.3506591131,-0.5293926681
-1,0.3590315822,-0.526326808
-1,0.3497019835,-0.5291374664
-1,0.3612146992,-0.5260256553
-1,0.3422160091,-0.5295991045
-1,0.3323239056,-0.5328017159
-1,0.3311392141,-0.5324029398
-1,0.3300780467,-0.5325345121
-1,0.3299266699,-0.5325531843
-1,0.329854502,-0.5323897901
-1,0.328148432,-0.5324640818
-1,0.3363360975,-0.531883222
1552,0.3335153382,-0.5328917887
1552,0.3508177164,-0.5261277836
1552,0.3388267222,-0.5322307838
1552,0.3481072491,-0.5291646513
1552,0.3494728915,-0.5289947591
1552,0.3700102588,-0.5226149867
1552,0.3464392357,-0.529371671
1552,0.3464392357,-0.529371671
1552,0.3398630556,-0.5294044043
1552,0.3497766013,-0.5289568728
1552,0.3476529276,-0.5292207762
1552,0.3603847146,-0.5259068871
1552,0.3364452912,-0.5325271077
1552,0.3497781315,-0.5289560057
1552,0.3390544811,-0.5295064826
1552,0.349473274,-0.5289945423
1552,0.3383724007,-0.5322869087
1552,0.3382368994,-0.5322965847
1552,0.3632319676,-0.5226745676
1552,0.3449785591,-0.5294611982
1552,0.3466575141,-0.5288091431
1552,0.3367066826,-0.5324926278
1552,0.3339700423,-0.5328354471
1552,0.3473953615,-0.5292530883
1552,0.3593631333,-0.5258515533
1552,0.3496256071,-0.5289753282
1552,0.3471991798,-0.5292765759
1552,0.3701616356,-0.5225963145
1552,0.3464388532,-0.5293718878
1552,0.3348813631,-0.5327216798
1552,0.3339711899,-0.5328347967
1552,0.3461343783,-0.5294102077
1552,0.3456815869,-0.5294654655
1552,0.3473497915,-0.5292583373
1552,0.3490206739,-0.5290496917
1552,0.3472962427,-0.5294531558
1552,0.3592208246,-0.525872211
1552,0.35814772,-0.5260034237
1552,0.346741798,-0.5293344351
1552,0.3473947877,-0.5292534134
1552,0.3491693729,-0.529032537
1552,0.3376139868,-0.5323811367
1552,0.3475004032,-0.5292400987
1552,0.3473518955,-0.529257145
1552,0.3467448583,-0.5293327009
1552,0.3493383465,-0.5290038931
1552,0.347399952,-0.529250487
1552,0.3604248745,-0.5257196558
1552,0.3508190553,-0.5261270249
1552,0.349624842,-0.5289757617
1552,0.3385186859,-0.532804359
1552,0.3604239182,-0.5257201978
1552,0.3456812043,-0.5294656822
1552,0.3491693729,-0.529032537
1552,0.3458329636,-0.5294467933
1552,0.3364473951,-0.5325259154
1552,0.3382198763,-0.5323062312
1552,0.3586033804,-0.52594654
1552,0.3494761431,-0.5289929165
1552,0.3496256071,-0.5289753282
1552,0.3474481521,-0.5292231732
1552,0.3468973827,-0.5293133784
1552,0.3471966933,-0.529277985
1552,0.3490210564,-0.529049475
1552,0.3420255094,-0.5290979508
1552,0.3629345697,-0.5227088771
1552,0.3374628013,-0.5323997005
1552,0.3475007857,-0.5292398819
1552,0.3399646544,-0.5293933657
1552,0.3380721337,-0.532322844
1552,0.3497802355,-0.5289548134
1552,0.3473947877,-0.5292534134
1552,0.3473988044,-0.5292511373
1552,0.3491693729,-0.529032537
1552,0.3496254158,-0.5289754366
1552,0.3497766013,-0.5289568728
1552,0.3371590914,-0.5324375868
1552,0.3490277509,-0.5290456814
1552,0.3386745804,-0.5322498895
1552,0.3497766013,-0.5289568728
1552,0.3473503653,-0.5292580122
1552,0.3443132667,-0.5296368751
1552,0.338072325,-0.5323227356
1552,0.336398191,-0.5325332238
1552,0.3497779402,-0.5289561141
1552,0.3438587539,-0.5296931084
1552,0.3487148601,-0.5290887703
1552,0.3632296724,-0.5226758683
1552,0.3385230124,-0.5322686701
1552,0.339663431,-0.529429843
1552,0.3496267547,-0.5289746779
1552,0.3482591997,-0.5291456539
1552,0.3367026659,-0.532494904
1552,0.3398590389,-0.5294066805
1552,0.3476557966,-0.5292191504
1552,0.3364466301,-0.532526349
1552,0.368035284,-0.5228617353
1552,0.3492775294,-0.5292028303
1552,0.3383789039,-0.5322832235
1552,0.3583450493,-0.5259792857
1552,0.3519820128,-0.5259843056
1552,0.3385243513,-0.5322679114
1552,0.3496256071,-0.5289753282
1552,0.3364464388,-0.5325264573
1552,0.3351843079,-0.532684227
1552,0.3704638153,-0.5225592953
1552,0.3503088352,-0.5261942518
1552,0.3583454319,-0.5259790689
1552,0.3458314335,-0.5294476604
1552,0.3364449086,-0.5325273244
1552,0.3583456231,-0.5259789605
1552,0.3573881585,-0.526098302
1552,0.3364973166,-0.5324976261
1552,0.3474005258,-0.5292501618
1552,0.3321489307,-0.5330621145
1552,0.3478052607,-0.5292015621
1552,0.35435259,-0.5264762978
1552,0.3693125253,-0.522695403
1552,0.3474030123,-0.5292487528
1552,0.3398586563,-0.5294068972
1552,0.3363989561,-0.5325327903
1552,0.3394847485,-0.5294545704
1552,0.3473947877,-0.5292534134
1552,0.358906134,-0.5259091957
1552,0.3364449086,-0.5325273244
1552,0.3473959353,-0.5292527631
1552,0.3473963179,-0.5292525463
1552,0.3508136997,-0.5261300598
1552,0.3583448581,-0.5259793941
1552,0.3341218016,-0.5328165581
1552,0.3385972905,-0.5295642334
1552,0.3364447174,-0.5325274328
1552,0.3496273285,-0.5289743527
1552,0.3472060592,-0.5289511763
1552,0.3537459354,-0.5265516368
1552,0.3364450999,-0.5325272161
1552,0.3371571787,-0.5324386707
1552,0.361758032,-0.522859292
1552,0.3473959353,-0.5292527631
1552,0.3692951197,-0.5227052663
1552,0.348569604,-0.5291039741
1552,0.3490612232,-0.5290267135
1552,0.3473957441,-0.5292528715
1552,0.3398584651,-0.5294070056
1552,0.3473963179,-0.5292525463
1552,0.3344253202,-0.5327787802
1552,0.3389128954,-0.5323876636
1552,0.3473708056,-0.529236215
1552,0.3398047294,-0.5294014877
1552,0.3447476956,-0.5295680049
1552,0.3465596903,-0.5289436134
1552,0.347760975,-0.5286267618
1552,0.3476422754,-0.5292114182
1552,0.3372192639,-0.5327875032
1552,0.3475429195,-0.5299227591
1552,0.3503312373,-0.5290754851
1552,0.3404750848,-0.5293111425
1552,0.357693781,-0.5260593318
1552,0.3375110013,-0.5323723867
1552,0.3481525801,-0.5291389633
1552,0.3490216303,-0.5290491498
1552,0.3481082054,-0.5291641093
1552,0.3473647106,-0.5292498831
1552,0.3473965091,-0.529252438
1552,0.3472037703,-0.5292739746
1552,0.3496300063,-0.5289728353
1552,0.3583452406,-0.5259791773
1552,0.336460019,-0.5325187618
1552,0.3478146329,-0.5291962511
1552,0.347961993,-0.529179855
1552,0.3478628329,-0.5291689373
1552,0.3471976497,-0.529277443
1552,0.3472102735,-0.5292702894
1552,0.3472347561,-0.5292564158
1552,0.3478046794,-0.5290211379
1552,0.3474164012,-0.5292411656
1552,0.343983144,-0.5323726484
1552,0.349021439,-0.5290492582
1552,0.3371592827,-0.5324374784
1552,0.3474014822,-0.5292496199
1552,0.3469065636,-0.5293081757
1552,0.3470483769,-0.529294923
1552,0.3475678694,-0.5299460597
1552,0.3475019333,-0.5292392316
1552,0.3583613073,-0.5259700727
1552,0.3474039687,-0.5292482108
1552,0.346136291,-0.5294091238
1552,0.3376589352,-0.5323556655
1552,0.3364569586,-0.532520496
1552,0.3472001362,-0.529276034
1552,0.3380706035,-0.5323237111
1552,0.3373242396,-0.5324111107
1552,0.3474001433,-0.5292503786
1552,0.3474188877,-0.5292397566
1552,0.3465908038,-0.5293528905
1552,0.348750245,-0.5290687185
1552,0.3475199127,-0.5292290431
1552,0.3580007425,-0.5260196029
1552,0.3367223667,-0.53248374
1552,0.3367068739,-0.5324925194
1552,0.3590699433,-0.5258834783
1552,0.3473681534,-0.5292479321
1552,0.3364494991,-0.5325247231
1552,0.3487183029,-0.5290868193
1552,0.3364556197,-0.5325212547
1552,0.3605772076,-0.5257004417
1552,0.3474600108,-0.5292164531
1552,0.3473993782,-0.5292508121
1552,0.3680435087,-0.5228570746
1552,0.3362517873,-0.5325490779
1552,0.3364548547,-0.5325216883
1552,0.3464444,-0.5293687446
1552,0.3472026227,-0.529274625
1552,0.3474688092,-0.5292114673
1552,0.347397848,-0.5292516792
1552,0.3583572906,-0.5259723488
1552,0.3488742702,-0.5290655458
1552,0.3474389711,-0.5292283758
1552,0.347399952,-0.529250487
1552,0.3356401596,-0.532627235
1552,0.3479748081,-0.529172593
1552,0.3487770228,-0.5290535442
1552,0.3494814986,-0.5289898816
1552,0.3364883269,-0.5325027204
1552,0.3473974655,-0.529251896
1552,0.3467437107,-0.5293333512
1552,0.3371640645,-0.5324347687
1552,0.3474362933,-0.5292298932
1552,0.3375043069,-0.5323761803
1552,0.3473993782,-0.5292508121
1552,0.3474135322,-0.5292427914
1552,0.3475007857,-0.5292398819
1552,0.3364538983,-0.5325222302
1552,0.3474309377,-0.5292329281
1552,0.3474012909,-0.5292497283
1552,0.3473991869,-0.5292509205
1552,0.3464463127,-0.5293676607
1552,0.3479602715,-0.5291808305
1552,0.3364462475,-0.5325265657
1552,0.347424052,-0.5292368301
1552,0.3347336205,-0.5327382926
1552,0.3699306084,-0.5225930133
1552,0.3474028211,-0.5292488612
1552,0.3474294076,-0.5292337952
1552,0.3487469934,-0.5290705611
1552,0.3473991869,-0.5292509205
1552,0.3478073646,-0.5292003698
1552,0.3583467708,-0.5259783102
1552,0.3484182272,-0.5291226462
1552,0.3364672872,-0.5325146431
1552,0.3464436349,-0.5293691781
1552,0.3473972742,-0.5292520044
1552,0.3490277509,-0.5290456814
1552,0.3474012909,-0.5292497283
1552,0.3473967004,-0.5292523296
1552,0.3474072203,-0.5292463682
1552,0.3473982306,-0.5292514625
1552,0.3570846399,-0.5261360799
1552,0.3583471533,-0.5259780934
1552,0.3474058814,-0.5292471269
1552,0.3481231245,-0.5291556551
1552,0.3550466375,-0.5290343549
1552,0.3345791834,-0.532758699
1552,0.3462897717,-0.5293892593
1552,0.3550451073,-0.529035222
1552,0.3476675388,-0.5290988521
1552,0.3471993711,-0.5292764676
1552,0.3475334929,-0.5292213476
1552,0.3365512892,-0.5325135761
1552,0.3474089417,-0.5292453927
1552,0.3474035861,-0.5292484276
1552,0.347478564,-0.5292059395
1552,0.3489144369,-0.5290427843
1552,0.3473976568,-0.5292517876
1552,0.3583695319,-0.525965412
1552,0.3478069821,-0.5292005866
1552,0.3490181874,-0.5290511008
1552,0.3474053076,-0.5292474521
1552,0.3364466301,-0.532526349
1552,0.347813294,-0.5291970098
1552,0.3490442001,-0.52903636
1552,0.3364483515,-0.5325253735
1552,0.3474223306,-0.5292378056
1552,0.3473972742,-0.5292520044
1552,0.3364016338,-0.5325312728
1552,0.3473704487,-0.5292466314
1552,0.3478102337,-0.529198744
1552,0.358372401,-0.5259637862
1552,0.3416743821,-0.5326537529
1552,0.3481420602,-0.5291449247
1552,0.3473965091,-0.529252438
1552,0.3487542617,-0.5290664424
1552,0.3474406925,-0.5292274003
1552,0.3474032036,-0.5292486444
1552,0.3485818452,-0.5290970372
1552,0.3474223306,-0.5292378056
1552,0.3481527714,-0.5291388549
1552,0.3481108832,-0.5291625919
1552,0.348596573,-0.5290886913
1552,0.3470468467,-0.5292957901
1552,0.349061797,-0.5290263883
1552,0.348881921,-0.5290612103
1552,0.3474494909,-0.5292224145
1552,0.3446250099,-0.5295944365
1552,0.3494866629,-0.5289869551
1552,0.3582983317,-0.525985185
1552,0.3473957441,-0.5292528715
1552,0.3496353619,-0.5289698004
1552,0.3473967004,-0.5292523296
1552,0.3488875592,-0.5297816333
1552,0.3473955528,-0.5292529799
1552,0.3474273036,-0.5292349875
1552,0.3549795017,-0.5290723991
1552,0.3449264245,-0.5295578509
1552,0.3485908349,-0.529091943
1552,0.3478119551,-0.5291977685
1552,0.3476573268,-0.5292182833
1552,0.3474123846,-0.5292434417
1552,0.3367070651,-0.532492411
1552,0.347394979,-0.5292533051
1552,0.3474106631,-0.5292444172
1552,0.3371587089,-0.5324378036
1552,0.3487290141,-0.5290807496
1552,0.3382525835,-0.5322876969
1552,0.3474005258,-0.5292501618
1552,0.3473988044,-0.5292511373
1552,0.3487676506,-0.5290588552
1552,0.3474185052,-0.5292399733
1552,0.3476651688,-0.5292138394
1552,0.3365512892,-0.5325135761
1552,0.3475131839,-0.5291863213
1552,0.3473995695,-0.5292507037
1552,0.3474510211,-0.5292215474
1552,0.346439427,-0.5293715626
1552,0.3476649776,-0.5292139477
1552,0.3580047592,-0.5260173268
1552,0.3484199486,-0.5291216707
1552,0.3462135808,-0.5320947799
1552,0.3474047338,-0.5292477773
1552,0.3474378235,-0.5292290261
1552,0.3465917601,-0.5293523485
1552,0.3481143261,-0.5291606409
1552,0.3364565761,-0.5325207128
1552,0.3474003345,-0.5292502702
1552,0.3481391912,-0.5291465505
1552,0.3382296311,-0.5323007034
1552,0.3549454556,-0.5290916922
1552,0.3469015906,-0.5293109938
1552,0.3364732166,-0.532511283
1552,0.3490577803,-0.5290286645
1552,0.3497788966,-0.5289555721
1552,0.3474010996,-0.5292498366
1552,0.3703107171,-0.522578943
1552,0.3385656656,-0.5322444996
1552,0.3474341893,-0.5292310855
1552,0.3385233949,-0.5322684533
1552,0.3385300894,-0.5322646597
1552,0.3474097068,-0.5292449592
1552,0.3474217568,-0.5292381307
1552,0.358365324,-0.5259677965
1552,0.3370618441,-0.5324255852
1552,0.360277897,-0.5257358351
1552,0.3473961266,-0.5292526547
1552,0.347409133,-0.5292452843
1552,0.3364521769,-0.5325232057
1552,0.3379294425,-0.5323437185
1552,0.3549399088,-0.5290948354
1552,0.3458337287,-0.5294463597
1552,0.3484121066,-0.5291261147
1552,0.347404925,-0.5292476689
1552,0.3474018647,-0.5292494031
1552,0.3474014822,-0.5292496199
1552,0.3470529674,-0.5292923216
1552,0.3473951702,-0.5292531967
1552,0.3474056901,-0.5292472353
1552,0.369096834,-0.5227299462
1552,0.3364604015,-0.532518545
1552,0.3473972742,-0.5292520044
1552,0.3467494488,-0.5293300995
1552,0.3478484877,-0.5291770664
1552,0.3470252791,-0.5292985937
1552,0.3549387611,-0.5290954858
1552,0.3374748513,-0.532392872
1552,0.3497794704,-0.528955247
1552,0.3364741729,-0.5325107411
1552,0.3459851055,-0.5294276876
1552,0.347399952,-0.529250487
1552,0.3364468213,-0.5325262406
1552,0.3474517862,-0.5292211138
1552,0.3478762218,-0.5291613501
1552,0.3468945136,-0.5293150042
1552,0.337308938,-0.5324197817
1552,0.354435618,-0.5291587023
1552,0.3484145931,-0.5291247056
1552,0.347431129,-0.5292328197
1552,0.3464390445,-0.5293717794
1552,0.3443909391,-0.5323223144
1552,0.3490487906,-0.5290337587
1552,0.3473988044,-0.5292511373
1552,0.3490396096,-0.5290389613
1552,0.3583517438,-0.5259754921
1552,0.3473959353,-0.5292527631
1552,0.3461380124,-0.5294081483
1552,0.3461353346,-0.5294096657
1552,0.3462882415,-0.5293901264
1552,0.3491275939,-0.5289891028
1552,0.347397083,-0.5292521128
1552,0.3474198441,-0.5292392146
1552,0.3587589651,-0.5259254833
1552,0.3485640571,-0.5291071173
1552,0.3481177689,-0.5291586899
1552,0.3481194904,-0.5291577144
1552,0.3462882415,-0.5293901264
1552,0.3590803633,-0.5266011915
1552,0.34742826,-0.5292344455
1552,0.3455275323,-0.5294856551
1552,0.3482949672,-0.5291253854
1552,0.3351881333,-0.5326820593
1552,0.3768346939,-0.5225498315
1552,0.3493222798,-0.5290129977
1552,0.3474045425,-0.5292478857
1552,0.3470468467,-0.5292957901
1552,0.3478525044,-0.5291747902
1552,0.3488723575,-0.5290666297
1552,0.3471978409,-0.5292773347
1552,0.3383727832,-0.5322866919
1552,0.3496349793,-0.5289700172
1552,0.3473982306,-0.5292514625
1552,0.34720071,-0.5292757088
1552,0.3485734294,-0.5291018063
1552,0.3487510101,-0.529068285
1552,0.3374826934,-0.5323884281
1552,0.3481194904,-0.5291577144
1552,0.3693362428,-0.5226819629
1552,0.3473492177,-0.5292586625
1552,0.3496464556,-0.5289635139
1552,0.3474114282,-0.5292439837
1552,0.3478127202,-0.5291973349
1552,0.337308938,-0.5324197817
1552,0.3474278774,-0.5292346623
1552,0.3484897622,-0.5290821091
1552,0.3589264086,-0.5258977065
1552,0.3364525594,-0.5325229889
1552,0.3473972742,-0.5292520044
1552,0.346900443,-0.5293116441
1552,0.3493511616,-0.5289966311
1552,0.336457915,-0.5325199541
1552,0.3475652437,-0.5292033552
1552,0.3464384707,-0.5293721046
1552,0.3476600045,-0.5292167658
1552,0.3473963179,-0.5292525463
1552,0.3468929835,-0.5293158713
1552,0.337325196,-0.5324105687
1552,0.3473953615,-0.5292530883
1552,0.3487269101,-0.5290819419
1552,0.3364496904,-0.5325246147
1552,0.3476540752,-0.5292201259
1552,0.3593967147,-0.5257654143
1552,0.3473951702,-0.5292531967
1552,0.3364646094,-0.5325161605
1552,0.3364527507,-0.5325228805
1552,0.3473984218,-0.5292513541
1552,0.3363999124,-0.5325322483
1552,0.3476527363,-0.5292208846
1552,0.3470514372,-0.5292931887
1552,0.3474131496,-0.5292430082
1552,0.347431129,-0.5292328197
1552,0.3473986131,-0.5292512457
1552,0.3365551146,-0.5325114084
1552,0.3473993782,-0.5292508121
1552,0.3481124134,-0.5291617248
1552,0.3474810505,-0.5292045305
1552,0.3476563704,-0.5292188252
1552,0.3361090177,-0.5325628726
1552,0.3485694127,-0.5291040824
1552,0.3382384295,-0.5322957176
1552,0.3473959353,-0.5292527631
1552,0.3365537757,-0.5325121671
1552,0.3484121066,-0.5291261147
1552,0.3475172349,-0.5292305605
1552,0.3473538082,-0.5292560612
1552,0.336457915,-0.5325199541
1552,0.3368563379,-0.5324749311
1552,0.3483072084,-0.5291184485
1552,0.3496418651,-0.5289661152
1552,0.3371579438,-0.5324382371
1552,0.347409133,-0.5292452843
1552,0.349473274,-0.5289945423
1552,0.3474028211,-0.5292488612
1552,0.3474359108,-0.52923011
1552,0.3472064481,-0.5292724572
1552,0.3364577237,-0.5325200625
1552,0.3358033951,-0.5326018428
1552,0.3370113488,-0.5324541996
1552,0.3459860618,-0.5294271456
1552,0.3491846745,-0.529023866
1552,0.34741621,-0.529241274
1552,0.3364462475,-0.5325265657
1552,0.3549360834,-0.5290970032
1552,0.3473482613,-0.5292592044
1552,0.3583454319,-0.5259790689
1552,0.3474221393,-0.529237914
1552,0.3364485428,-0.5325252651
1552,0.3473953615,-0.5292530883
1552,0.3473953615,-0.5292530883
1552,0.3367032397,-0.5324945788
1552,0.347979016,-0.5291702085
1552,0.3482855949,-0.5291306964
1552,0.3474028211,-0.5292488612
1552,0.3549957596,-0.5290631861
1552,0.3474045425,-0.5292478857
1552,0.3494839851,-0.5289884726
1552,0.348565396,-0.5291063586
1552,0.336445865,-0.5325267825
1552,0.3484673836,-0.5290947905
1552,0.3386801272,-0.5322467463
1552,0.3474018647,-0.5292494031
1552,0.3367051524,-0.5324934949
1552,0.3549580794,-0.5290845386
1552,0.3583525089,-0.5259750585
1552,0.3370098186,-0.5324550667
1552,0.3488911019,-0.5290560077
1552,0.3474051163,-0.5292475605
1552,0.3459347996,-0.5294262021
1552,0.3476630649,-0.5292150316
1552,0.3479732779,-0.5291734601
1552,0.3474016734,-0.5292495115
1552,0.34782324,-0.5291913736
1552,0.3380684996,-0.5323249034
1552,0.3485093183,-0.5286218365
1552,0.3474242433,-0.5292367217
1552,0.3357940229,-0.5326071538
1552,0.3378439755,-0.5323179171
1552,0.347402056,-0.5292492947
1552,0.3694030304,-0.5226906509
1552,0.3373334206,-0.532405908
1552,0.3364542809,-0.5325220134
1552,0.3474299814,-0.5292334701
1552,0.3473635629,-0.5292505334
1552,0.3557216753,-0.5263044546
1552,0.33655894,-0.5325092406
1552,0.3478108075,-0.5291984188
1552,0.3475017077,-0.5291928246
1552,0.3479734692,-0.5291733518
1552,0.3382298224,-0.532300595
1552,0.3470502896,-0.5292938391
1552,0.3474081766,-0.5292458263
1552,0.3474032036,-0.5292486444
1552,0.3474047338,-0.5292477773
1552,0.3476684204,-0.5292119968
1552,0.3479958478,-0.5291606704
1552,0.3474588632,-0.5292171035
1552,0.3473986131,-0.5292512457
1552,0.3330596778,-0.5329486724
1552,0.3365841532,-0.532448418
1552,0.3473528518,-0.5292566031
1552,0.3479606541,-0.5291806137
1552,0.3470464642,-0.5292960068
1552,0.3487259537,-0.5290824838
1552,0.3362485357,-0.5325509205
1552,0.3553459825,-0.529045477
1552,0.3374608886,-0.5324007844
1552,0.335341614,-0.5326621948
1552,0.3487213633,-0.5290850851
1552,0.3473955528,-0.5292529799
1552,0.3659217299,-0.5258028236
1552,0.3583507874,-0.525976034
1552,0.3440183376,-0.532352705
1552,0.3364504555,-0.5325241812
1552,0.3364472039,-0.5325260238
1552,0.3583479184,-0.5259776598
1552,0.3474026298,-0.5292489695
1552,0.3364661396,-0.5325152934
1552,0.3474234782,-0.5292371552
1552,0.3474305552,-0.5292331449
1552,0.3583467708,-0.5259783102
1552,0.3693012403,-0.5227017979
1552,0.3473982306,-0.5292514625
1552,0.3474035861,-0.5292484276
1552,0.3583465795,-0.5259784186
1552,0.3474121933,-0.5292435501
1552,0.3473957441,-0.5292528715
1552,0.3474043512,-0.529247994
1552,0.3549722334,-0.5290765178
1552,0.3473947877,-0.5292534134
1552,0.3474418401,-0.52922675
1552,0.3474116195,-0.5292438753
1552,0.3473980393,-0.5292515709
1552,0.3692951197,-0.5227052663
1552,0.3474022472,-0.5292491863
1552,0.3583588208,-0.5259714817
1552,0.3583454319,-0.5259790689
1552,0.3364623142,-0.5325174611
1552,0.3474009084,-0.529249945
1552,0.3473961266,-0.5292526547
1552,0.3474033949,-0.529248536
1552,0.3364816325,-0.532506514
1552,0.336445865,-0.5325267825
1552,0.3583578644,-0.5259720237
1552,0.3473980393,-0.5292515709
1552,0.3474175488,-0.5292405153
1552,0.3583465795,-0.5259784186
1552,0.3473955528,-0.5292529799
1552,0.3473967004,-0.5292523296
1552,0.3474317028,-0.5292324946
1552,0.3364527507,-0.5325228805
1552,0.3474009084,-0.529249945
1552,0.3473957441,-0.5292528715
1552,0.3473993782,-0.5292508121
1552,0.3473947877,-0.5292534134
1552,0.3474041599,-0.5292481024
1552,0.3364494991,-0.5325247231
1552,0.3474022472,-0.5292491863
1552,0.3473959353,-0.5292527631
1552,0.347419079,-0.5292396482
1552,0.3364653745,-0.5325157269
1552,0.3473972742,-0.5292520044
1552,0.355163886,-0.5289679131
1552,0.3364447174,-0.5325274328
1552,0.3474221393,-0.529237914
1552,0.347419079,-0.5292396482
1552,0.3583481097,-0.5259775515
1552,0.3364894745,-0.53250207
1552,0.3474313203,-0.5292327113
1552,0.3473989957,-0.5292510289
1552,0.3473995695,-0.5292507037
1552,0.3364462475,-0.5325265657
1552,0.3379621913,-0.5325796877
1552,0.3499004118,-0.5290030853
1552,0.338336911,-0.5291908772
1552,0.3449481065,-0.5292981475
1552,0.3411477574,-0.5291158241
1552,0.3485283171,-0.5289907914
1552,0.3490179961,-0.5290512092
-1,0.7183450894,0.205613027
-1,0.7066252191,0.2020039691
-1,0.7520320629,0.2156625152
-1,0.7484694438,0.2159398767
-1,0.750062107,0.2154280288
-1,0.794131878,0.322116888
-1,0.2047420176,-0.5609546885
-1,0.3927110088,-0.4276172263
-1,-0.0082386292,-0.5580373832
-1,0.0154664472,-0.5463172222
-1,0.3352839783,-0.5428550647
-1,0.3258515008,-0.5459401945
-1,0.3280513655,-0.5429707705
-1,0.3349446796,-0.542858432
-1,0.350124165,-0.5341462583
-1,0.3364449139,-0.5377588698
-1,0.3298179994,-0.5377997786
-1,0.3492222164,-0.5342547146
-1,0.3479985785,-0.5344112456
-1,0.33720065,-0.5376661593
-1,0.3470889791,-0.5345240374
-1,0.3369449967,-0.5376973875
-1,0.3371896153,-0.5376570181
-1,0.337343096,-0.5376371537
-1,0.3307477736,-0.5383991723
-1,-0.1187786358,-0.4363939159
-1,0.7842698213,0.6082342704
-1,0.5716798352,0.2449126624
-1,0.6077424117,0.3152817095
-1,0.5700086721,0.206636744
-1,0.5610178031,0.213641163
-1,0.1189400286,-0.5525830198
-1,0.1205677864,-0.5548462565
-1,0.1382227632,-0.5423728114
-1,0.13962839,-0.5427096962
-1,0.1380275041,-0.54288824
-1,0.5438281256,0.2070360487
-1,0.5198274286,0.2003013312
-1,0.5297772575,0.1982992369
-1,0.5866745816,0.3169758483
-1,0.1661641704,-0.4514839567
-1,-0.2389735533,-0.568906989
-1,0.1467679399,-0.5495068337
-1,0.1265017285,-0.5550762344
-1,0.1715093158,-0.4481287853
-1,0.1439797405,-0.5518543847
-1,0.0852856609,-0.5610970344
-1,0.0786466369,-0.5611361817
-1,0.0814807448,-0.5575841742
-1,0.081671262,-0.5655896918
-1,0.1336709227,-0.5604973662
-1,0.5359400492,0.1979429953
-1,0.5244096619,0.1893700856
-1,0.1419045534,-0.5565989509
-1,-0.2121726797,-0.5737377686
-1,-0.0113326104,-0.2129630891
-1,0.7894705799,0.6124321392
